Arunachal Pradesh,15
Madhya Pradesh,17
Chhattisgarh,18
Punjab,16
Rajasthan,14
Haryana,20
Gujarat,12
Arunachal Pradesh,9
West Bengal,19
Maharashtra,11
Maharashtra,18
Meghalaya,11
Kerala,11
Madhya Pradesh,8
Assam,8
Assam,16
Haryana,15
Bihar,10
Haryana,9
Karnataka,20
Mizoram,11
Gujarat,17
Uttarakhand,16
Arunachal Pradesh,17
Sikkim,13
Karnataka,8
Tamil Nadu,14
Mizoram,18
Uttarakhand,17
Himachal Pradesh,9
Chhattisgarh,20
Odisha,11
Andhra Pradesh,15
Mizoram,16
Madhya Pradesh,18
Punjab,8
Bihar,6
Andhra Pradesh,14
Jammu and Kashmir,7
West Bengal,5
Madhya Pradesh,15
Mizoram,16
Rajasthan,20
Mizoram,7
Arunachal Pradesh,6
Jharkhand,10
Chhattisgarh,16
Tripura,4
Punjab,13
Goa,7
Nagaland,19
Rajasthan,7
Karnataka,4
Punjab,8
Punjab,4
Uttar Pradesh,6
Bihar,13
Andhra Pradesh,16
Kerala,11
Haryana,18
Jammu and Kashmir,14
Goa,18
Manipur,18
Nagaland,3
Maharashtra,16
Andhra Pradesh,10
Jammu and Kashmir,19
Arunachal Pradesh,17
Uttarakhand,10
Bihar,18
West Bengal,5
Tripura,8
Gujarat,4
Tamil Nadu,8
West Bengal,19
Odisha,7
Goa,13
Goa,14
Tamil Nadu,9
Madhya Pradesh,8
Rajasthan,13
Goa,7
West Bengal,11
Himachal Pradesh,7
Jammu and Kashmir,7
Himachal Pradesh,17
Tamil Nadu,3
Chhattisgarh,3
Uttarakhand,20
Haryana,4
Gujarat,15
West Bengal,9
Tamil Nadu,20
Mizoram,7
Madhya Pradesh,5
Punjab,12
Tripura,19
Meghalaya,7
Manipur,3
Assam,4
Andhra Pradesh,18
Punjab,5
Uttar Pradesh,4
Manipur,8
Tripura,9
West Bengal,5
Sikkim,5
Gujarat,15
Jammu and Kashmir,13
Gujarat,9
Sikkim,13
Andhra Pradesh,14
Uttar Pradesh,19
Haryana,20
Karnataka,3
Uttarakhand,14
Rajasthan,11
Tripura,15
Haryana,18
Tamil Nadu,16
Uttar Pradesh,6
Uttar Pradesh,9
Kerala,3
Manipur,19
Sikkim,14
Goa,14
Sikkim,14
Kerala,5
Chhattisgarh,4
Himachal Pradesh,6
Sikkim,14
Uttar Pradesh,7
Punjab,5
Bihar,12
Uttar Pradesh,9
Andhra Pradesh,3
Uttar Pradesh,3
Himachal Pradesh,17
Uttar Pradesh,13
Haryana,9
Madhya Pradesh,15
Tamil Nadu,3
Maharashtra,20
Karnataka,11
Rajasthan,12
Arunachal Pradesh,17
Madhya Pradesh,17
Sikkim,20
Uttarakhand,18
Maharashtra,12
Odisha,6
Tripura,4
Sikkim,4
Haryana,13
Tripura,7
Uttar Pradesh,14
Uttarakhand,20
Sikkim,18
Madhya Pradesh,10
Goa,5
Bihar,8
Manipur,11
Himachal Pradesh,5
Karnataka,12
Andhra Pradesh,4
Karnataka,9
Sikkim,6
Uttar Pradesh,4
Madhya Pradesh,18
Assam,15
Punjab,7
Meghalaya,17
Haryana,19
Gujarat,14
Arunachal Pradesh,9
Rajasthan,18
Arunachal Pradesh,16
Tamil Nadu,14
Tripura,14
Chhattisgarh,7
Goa,15
Nagaland,6
Arunachal Pradesh,9
Maharashtra,6
Odisha,10
Manipur,13
West Bengal,5
Chhattisgarh,9
Tripura,8
Odisha,8
West Bengal,18
Andhra Pradesh,11
Nagaland,10
Tripura,14
Jharkhand,16
Manipur,14
Punjab,16
Jharkhand,3
Arunachal Pradesh,17
Rajasthan,17
Chhattisgarh,7
Madhya Pradesh,17
Jammu and Kashmir,10
Gujarat,7
Goa,6
Himachal Pradesh,12
Maharashtra,10
Mizoram,3
Mizoram,5
Karnataka,8
Uttarakhand,12
Tamil Nadu,13
Jharkhand,20
West Bengal,7
Nagaland,6
Tripura,7
Assam,8
Haryana,11
Arunachal Pradesh,16
Haryana,12
Mizoram,8
Tamil Nadu,18
Tripura,11
Tamil Nadu,11
Jharkhand,19
Goa,20
Meghalaya,6
Bihar,3
Manipur,18
Gujarat,17
Karnataka,7
Odisha,16
Jammu and Kashmir,10
Uttar Pradesh,12
Uttarakhand,20
West Bengal,20
Madhya Pradesh,10
West Bengal,6
Goa,4
Goa,15
Uttarakhand,19
Nagaland,7
Assam,18
Karnataka,10
Andhra Pradesh,13
Meghalaya,16
Andhra Pradesh,10
Himachal Pradesh,10
Kerala,6
Rajasthan,8
Uttarakhand,18
Punjab,13
Rajasthan,17
Maharashtra,10
Punjab,16
Tripura,17
Bihar,6
Himachal Pradesh,19
Uttar Pradesh,12
Tripura,17
Jammu and Kashmir,3
Odisha,9
Arunachal Pradesh,20
Nagaland,15
Andhra Pradesh,3
Maharashtra,14
Odisha,4
Punjab,4
Nagaland,6
Meghalaya,4
Jammu and Kashmir,18
Manipur,19
Manipur,3
Sikkim,7
Tripura,12
Manipur,20
Andhra Pradesh,5
Tripura,9
Kerala,20
Mizoram,17
Meghalaya,12
Odisha,12
Punjab,7
Himachal Pradesh,17
Tripura,15
Bihar,8
Maharashtra,6
Karnataka,3
Uttarakhand,17
Sikkim,5
Nagaland,12
Tamil Nadu,3
Assam,17
Madhya Pradesh,17
Andhra Pradesh,6
Gujarat,14
Uttarakhand,13
Karnataka,11
Uttarakhand,8
Haryana,15
Uttarakhand,14
Tamil Nadu,12
Goa,16
Goa,14
Tripura,15
Jharkhand,5
West Bengal,17
Karnataka,3
Karnataka,3
Andhra Pradesh,12
Chhattisgarh,10
Rajasthan,14
Meghalaya,8
Karnataka,11
West Bengal,7
Gujarat,15
Uttar Pradesh,17
Jharkhand,9
West Bengal,10
Uttar Pradesh,15
Arunachal Pradesh,19
Andhra Pradesh,17
Tamil Nadu,4
Punjab,16
Haryana,4
Meghalaya,9
Sikkim,14
Madhya Pradesh,8
Jammu and Kashmir,4
West Bengal,16
Arunachal Pradesh,12
Uttar Pradesh,3
Bihar,5
Chhattisgarh,15
Meghalaya,13
Arunachal Pradesh,16
Gujarat,4
Rajasthan,9
West Bengal,13
Sikkim,17
Jammu and Kashmir,4
Karnataka,11
Manipur,10
Mizoram,10
Mizoram,15
Bihar,13
Chhattisgarh,5
Maharashtra,5
Maharashtra,17
Maharashtra,16
Tripura,7
Goa,13
Manipur,3
Manipur,18
Mizoram,14
Punjab,12
Goa,5
Mizoram,5
Arunachal Pradesh,9
Uttarakhand,10
Punjab,4
Tripura,8
Andhra Pradesh,4
Kerala,14
Uttarakhand,17
Odisha,19
Jammu and Kashmir,3
Tripura,18
West Bengal,7
Rajasthan,4
Chhattisgarh,13
Uttar Pradesh,18
Tripura,7
Jharkhand,20
Maharashtra,4
Nagaland,6
Chhattisgarh,13
Assam,17
Arunachal Pradesh,20
Arunachal Pradesh,3
Punjab,14
Madhya Pradesh,9
Meghalaya,10
Jammu and Kashmir,19
Haryana,10
Haryana,14
Mizoram,20
Maharashtra,17
Goa,5
Nagaland,15
Punjab,18
Odisha,9
Bihar,5
Jharkhand,6
Jharkhand,4
Bihar,14
Punjab,4
West Bengal,15
Haryana,18
Bihar,14
Rajasthan,3
Nagaland,7
Maharashtra,18
Nagaland,7
Chhattisgarh,19
Uttar Pradesh,10
Uttarakhand,18
Kerala,14
Odisha,6
Meghalaya,8
Haryana,4
Assam,10
Karnataka,5
Karnataka,20
Karnataka,4
Jammu and Kashmir,16
Punjab,18
Sikkim,10
Rajasthan,12
Himachal Pradesh,19
Tamil Nadu,13
Bihar,17
Uttar Pradesh,20
West Bengal,13
Bihar,18
Arunachal Pradesh,10
Odisha,3
Himachal Pradesh,3
Uttarakhand,17
Goa,9
Odisha,13
Rajasthan,3
Jammu and Kashmir,5
Jharkhand,19
Tripura,5
Himachal Pradesh,3
Karnataka,15
Chhattisgarh,4
Nagaland,13
Assam,3
Sikkim,19
Madhya Pradesh,11
Odisha,13
Jharkhand,19
Jharkhand,8
Tripura,12
Manipur,12
Haryana,17
Himachal Pradesh,7
Nagaland,7
Chhattisgarh,17
Haryana,14
Andhra Pradesh,8
Tamil Nadu,15
Assam,3
Andhra Pradesh,7
Chhattisgarh,12
Jammu and Kashmir,10
Rajasthan,20
Assam,20
Jammu and Kashmir,5
Nagaland,7
Goa,18
Tamil Nadu,12
Madhya Pradesh,6
Goa,16
Sikkim,18
Uttarakhand,16
Punjab,16
Uttarakhand,19
Odisha,16
Gujarat,14
Assam,4
Manipur,9
Meghalaya,13
Jharkhand,3
Mizoram,19
Madhya Pradesh,16
Gujarat,8
Maharashtra,10
Jharkhand,7
Odisha,17
Rajasthan,4
Madhya Pradesh,3
Tamil Nadu,16
Manipur,13
Mizoram,20
Chhattisgarh,12
Bihar,13
Tripura,10
Tripura,15
Assam,4
West Bengal,9
Karnataka,19
Gujarat,20
Kerala,13
Kerala,11
Madhya Pradesh,13
Jammu and Kashmir,4
Goa,19
Himachal Pradesh,19
Jharkhand,16
Chhattisgarh,13
Punjab,6
Arunachal Pradesh,20
Odisha,16
Jharkhand,7
Assam,7
Manipur,20
Odisha,19
Karnataka,11
Arunachal Pradesh,11
Jharkhand,6
Manipur,14
Jharkhand,17
Jammu and Kashmir,19
Sikkim,5
Uttarakhand,13
Rajasthan,17
Himachal Pradesh,8
Meghalaya,5
Uttarakhand,10
Jammu and Kashmir,12
Gujarat,19
Assam,7
Karnataka,14
Manipur,3
Chhattisgarh,9
Nagaland,5
Manipur,11
Tamil Nadu,6
Manipur,20
Assam,16
Assam,19
Haryana,12
West Bengal,3
Assam,11
Uttar Pradesh,13
Rajasthan,16
Karnataka,7
Himachal Pradesh,8
Uttarakhand,18
Bihar,17
Punjab,18
Tripura,5
Sikkim,19
Gujarat,11
Uttarakhand,17
Rajasthan,5
West Bengal,18
Arunachal Pradesh,5
Assam,5
Odisha,8
Tamil Nadu,4
Bihar,11
Sikkim,5
Tamil Nadu,5
Tamil Nadu,8
Arunachal Pradesh,4
Jammu and Kashmir,4
Goa,5
Maharashtra,10
Chhattisgarh,15
West Bengal,14
Tamil Nadu,13
Gujarat,19
Jammu and Kashmir,20
Odisha,10
Chhattisgarh,11
Jammu and Kashmir,16
Goa,11
Gujarat,17
Nagaland,20
Sikkim,6
Maharashtra,5
Jharkhand,19
Manipur,4
West Bengal,19
Tamil Nadu,6
Bihar,20
Meghalaya,4
Uttarakhand,14
Goa,12
Maharashtra,13
Nagaland,20
Mizoram,20
Himachal Pradesh,8
Andhra Pradesh,19
Rajasthan,3
Kerala,15
Madhya Pradesh,19
Maharashtra,19
Jammu and Kashmir,11
Himachal Pradesh,11
Kerala,11
Odisha,5
Tamil Nadu,5
West Bengal,14
Jammu and Kashmir,6
West Bengal,14
Odisha,4
Manipur,10
Haryana,17
Andhra Pradesh,3
Kerala,17
Sikkim,10
Manipur,12
Manipur,4
Karnataka,18
Manipur,19
West Bengal,13
Jharkhand,20
Uttarakhand,17
Odisha,14
Uttar Pradesh,4
Gujarat,19
Rajasthan,16
Andhra Pradesh,12
Sikkim,11
Jharkhand,3
Karnataka,19
Kerala,4
Assam,19
Jharkhand,6
Odisha,16
Tripura,10
Karnataka,9
Chhattisgarh,19
Bihar,18
Jammu and Kashmir,14
Goa,20
Tamil Nadu,13
Maharashtra,15
Tamil Nadu,20
Uttar Pradesh,18
Andhra Pradesh,5
Tripura,14
Sikkim,11
Tamil Nadu,7
Arunachal Pradesh,13
Karnataka,14
Odisha,5
Uttarakhand,8
Tamil Nadu,10
Kerala,4
Andhra Pradesh,5
Uttar Pradesh,7
Himachal Pradesh,18
Jammu and Kashmir,6
Jammu and Kashmir,19
Manipur,15
Andhra Pradesh,10
Rajasthan,18
Jammu and Kashmir,13
Rajasthan,15
Arunachal Pradesh,16
Jammu and Kashmir,19
Karnataka,8
Karnataka,5
Madhya Pradesh,7
Gujarat,12
Sikkim,16
Meghalaya,4
Meghalaya,3
Punjab,18
Kerala,9
Assam,9
Jharkhand,5
Andhra Pradesh,12
Himachal Pradesh,17
Tripura,8
Sikkim,6
Rajasthan,6
Madhya Pradesh,16
Tripura,9
Tamil Nadu,9
Arunachal Pradesh,3
Assam,17
Himachal Pradesh,16
Gujarat,20
Gujarat,5
Sikkim,12
Tripura,6
Manipur,20
Karnataka,3
Gujarat,19
West Bengal,14
Uttar Pradesh,14
Uttarakhand,12
Chhattisgarh,11
Andhra Pradesh,3
Andhra Pradesh,16
Haryana,16
Himachal Pradesh,18
Haryana,19
Madhya Pradesh,16
Arunachal Pradesh,18
Nagaland,20
Tripura,19
Mizoram,5
Bihar,15
Goa,17
Bihar,5
Maharashtra,11
Tamil Nadu,14
Himachal Pradesh,11
Karnataka,7
Chhattisgarh,9
Goa,18
Tamil Nadu,19
Bihar,7
Jharkhand,9
Himachal Pradesh,7
Assam,13
Tamil Nadu,9
Uttarakhand,13
Kerala,14
Jharkhand,19
Himachal Pradesh,12
Bihar,8
Haryana,14
Sikkim,3
Nagaland,16
West Bengal,3
Haryana,3
Manipur,14
Nagaland,15
Himachal Pradesh,3
Madhya Pradesh,18
Nagaland,15
Jammu and Kashmir,14
Maharashtra,12
Arunachal Pradesh,11
Bihar,6
Nagaland,3
Uttarakhand,17
Punjab,7
West Bengal,16
Bihar,8
Assam,3
Goa,8
Chhattisgarh,15
Mizoram,10
Mizoram,12
Haryana,18
Odisha,10
Meghalaya,3
Jharkhand,8
Karnataka,18
Uttarakhand,10
Himachal Pradesh,14
Manipur,19
Uttarakhand,7
Tripura,15
Uttarakhand,10
Andhra Pradesh,13
Haryana,16
Chhattisgarh,9
Jharkhand,14
Tamil Nadu,10
Jammu and Kashmir,5
Manipur,11
Tamil Nadu,14
Punjab,10
Jharkhand,15
Rajasthan,13
West Bengal,14
Odisha,11
Tripura,5
West Bengal,9
Uttarakhand,8
Haryana,12
Chhattisgarh,10
Bihar,15
Arunachal Pradesh,17
Rajasthan,6
West Bengal,3
Nagaland,5
Haryana,9
Meghalaya,20
Odisha,13
Chhattisgarh,7
Andhra Pradesh,19
Kerala,9
Madhya Pradesh,19
Kerala,9
Tamil Nadu,13
Andhra Pradesh,8
Himachal Pradesh,3
Tamil Nadu,8
Manipur,3
Punjab,11
Haryana,17
Karnataka,11
Tamil Nadu,9
Nagaland,3
Tamil Nadu,7
Assam,19
Assam,17
Tamil Nadu,8
Bihar,20
Bihar,8
Arunachal Pradesh,8
Andhra Pradesh,20
Sikkim,19
Sikkim,20
Rajasthan,19
Haryana,10
Mizoram,11
Odisha,18
Kerala,10
Uttar Pradesh,7
Haryana,16
Mizoram,12
Uttarakhand,12
Mizoram,15
Bihar,11
Bihar,12
Jharkhand,20
Uttar Pradesh,11
Uttar Pradesh,18
Jharkhand,20
Haryana,17
Tripura,19
Sikkim,11
Tamil Nadu,14
Andhra Pradesh,13
Manipur,10
Goa,17
Odisha,15
Bihar,13
Odisha,14
Madhya Pradesh,10
Madhya Pradesh,15
Haryana,4
Bihar,20
Himachal Pradesh,17
Karnataka,20
Jharkhand,18
Sikkim,11
Uttarakhand,17
Karnataka,17
Kerala,16
Bihar,4
Manipur,9
Gujarat,4
Meghalaya,16
Punjab,4
Andhra Pradesh,13
Jammu and Kashmir,20
Jammu and Kashmir,19
Madhya Pradesh,20
Maharashtra,10
Chhattisgarh,18
Meghalaya,19
Meghalaya,4
Uttar Pradesh,10
Arunachal Pradesh,19
Bihar,12
Madhya Pradesh,20
Bihar,18
Madhya Pradesh,13
Chhattisgarh,6
Tripura,8
Sikkim,4
Jharkhand,14
West Bengal,19
Odisha,16
Meghalaya,8
Gujarat,8
Kerala,9
Andhra Pradesh,20
Bihar,8
Manipur,16
Madhya Pradesh,17
Chhattisgarh,11
Himachal Pradesh,9
Meghalaya,6
Uttar Pradesh,11
Jammu and Kashmir,4
Tamil Nadu,16
Tamil Nadu,8
Sikkim,14
Jharkhand,11
Jharkhand,6
Odisha,20
Sikkim,20
Nagaland,5
Jharkhand,5
Andhra Pradesh,10
Gujarat,17
Madhya Pradesh,17
Chhattisgarh,20
Meghalaya,13
Karnataka,18
Jammu and Kashmir,13
Karnataka,11
Punjab,18
Andhra Pradesh,6
Himachal Pradesh,13
Madhya Pradesh,18
Rajasthan,18
Punjab,10
Assam,14
Manipur,12
West Bengal,16
Bihar,12
Madhya Pradesh,20
Bihar,10
Uttarakhand,18
Gujarat,9
Meghalaya,20
Arunachal Pradesh,11
Jharkhand,8
Chhattisgarh,16
Madhya Pradesh,18
Gujarat,11
Himachal Pradesh,14
Rajasthan,17
Himachal Pradesh,8
Andhra Pradesh,11
West Bengal,7
Uttarakhand,7
Punjab,9
Karnataka,4
Goa,13
Jammu and Kashmir,11
Gujarat,14
Madhya Pradesh,6
Rajasthan,18
Madhya Pradesh,19
Himachal Pradesh,7
Sikkim,11
Mizoram,17
Mizoram,19
Nagaland,3
Nagaland,11
West Bengal,4
Maharashtra,17
Chhattisgarh,17
Gujarat,8
Manipur,4
Nagaland,11
Chhattisgarh,19
Mizoram,13
Bihar,4
Sikkim,5
Andhra Pradesh,7
Mizoram,14
Manipur,16
Uttar Pradesh,9
Himachal Pradesh,16
Gujarat,16
Odisha,18
Arunachal Pradesh,15
Madhya Pradesh,19
Madhya Pradesh,15
Haryana,17
Meghalaya,18
Goa,10
Maharashtra,14
Jammu and Kashmir,7
Tamil Nadu,3
Maharashtra,11
Manipur,3
West Bengal,7
Punjab,7
Arunachal Pradesh,9
Rajasthan,14
Andhra Pradesh,9
Mizoram,6
Jharkhand,3
Uttar Pradesh,11
Tripura,17
Madhya Pradesh,4
Madhya Pradesh,10
Andhra Pradesh,6
Himachal Pradesh,15
Goa,20
Bihar,20
Assam,5
Andhra Pradesh,11
Chhattisgarh,18
Goa,18
Tamil Nadu,17
Tamil Nadu,10
Tripura,13
Nagaland,18
Rajasthan,9
Nagaland,17
Manipur,8
Maharashtra,16
West Bengal,18
Jharkhand,20
Chhattisgarh,15
Tamil Nadu,15
Nagaland,5
Sikkim,3
Nagaland,11
Sikkim,8
Tripura,5
Mizoram,13
West Bengal,15
Madhya Pradesh,20
Assam,4
Chhattisgarh,9
Nagaland,10
Chhattisgarh,10
Kerala,12
Jammu and Kashmir,3
Arunachal Pradesh,19
Assam,4
Arunachal Pradesh,20
Bihar,8
Sikkim,19
Assam,8
Tamil Nadu,6
Bihar,12
Andhra Pradesh,19
Jharkhand,7
Sikkim,16
Tamil Nadu,14
Uttarakhand,15
Manipur,10
Kerala,12
Maharashtra,14
Chhattisgarh,16
Sikkim,17
West Bengal,13
Sikkim,11
Sikkim,6
Madhya Pradesh,13
Arunachal Pradesh,18
Arunachal Pradesh,10
Maharashtra,9
Jammu and Kashmir,9
Haryana,17
Karnataka,7
Bihar,15
Madhya Pradesh,14
Tamil Nadu,10
Manipur,4
Tripura,5
Goa,12
Manipur,9
Uttar Pradesh,12
Goa,20
Tamil Nadu,13
Kerala,7
Rajasthan,10
Uttar Pradesh,14
Himachal Pradesh,17
Tripura,7
Bihar,16
Bihar,19
Nagaland,14
Karnataka,7
Odisha,20
Arunachal Pradesh,3
Nagaland,19
Tripura,15
Karnataka,12
Nagaland,9
Andhra Pradesh,18
West Bengal,17
Rajasthan,17
Andhra Pradesh,14
Haryana,4
Madhya Pradesh,17
Punjab,8
Bihar,16
Andhra Pradesh,12
Uttarakhand,15
Gujarat,18
Chhattisgarh,7
Sikkim,5
Odisha,18
Punjab,12
Bihar,5
Tamil Nadu,19
Uttarakhand,17
Sikkim,12
Tamil Nadu,20
Chhattisgarh,9
Odisha,5
Mizoram,12
Bihar,14
Punjab,14
Jammu and Kashmir,8
Kerala,9
Assam,11
Jharkhand,20
Gujarat,5
Tamil Nadu,10
Jammu and Kashmir,11
Assam,14
Tamil Nadu,9
Karnataka,19
Tamil Nadu,18
Uttarakhand,4
Assam,6
Uttar Pradesh,8
Uttarakhand,13
Manipur,8
Uttar Pradesh,8
Andhra Pradesh,5
Haryana,16
Meghalaya,16
Sikkim,4
Kerala,5
Jharkhand,8
Kerala,12
Goa,11
Jharkhand,5
Tamil Nadu,4
Mizoram,10
Assam,8
Odisha,7
Punjab,13
Jharkhand,11
Jammu and Kashmir,4
Rajasthan,20
Tamil Nadu,9
Mizoram,10
Maharashtra,3
Arunachal Pradesh,15
Assam,6
Nagaland,6
Nagaland,18
Tripura,12
Manipur,19
Punjab,11
Mizoram,9
Rajasthan,10
Punjab,18
Sikkim,11
Uttar Pradesh,14
Madhya Pradesh,6
Karnataka,8
Himachal Pradesh,7
Arunachal Pradesh,9
Sikkim,12
Meghalaya,5
Andhra Pradesh,20
Andhra Pradesh,6
Goa,10
Karnataka,7
Chhattisgarh,7
Uttarakhand,3
Jammu and Kashmir,14
Uttar Pradesh,6
Nagaland,9
Odisha,10
Kerala,11
Sikkim,14
Jharkhand,16
Meghalaya,18
Tripura,4
Odisha,10
West Bengal,20
Rajasthan,15
Rajasthan,10
Kerala,18
Mizoram,4
Rajasthan,6
Tamil Nadu,19
Kerala,11
Himachal Pradesh,10
Uttarakhand,14
Odisha,4
Mizoram,13
Tripura,20
Nagaland,14
Bihar,11
West Bengal,17
Rajasthan,17
Rajasthan,7
Odisha,11
Jammu and Kashmir,18
Kerala,15
Mizoram,14
Tripura,14
Meghalaya,3
Tamil Nadu,12
Odisha,8
Nagaland,13
Karnataka,12
Tripura,12
Haryana,18
Arunachal Pradesh,15
Karnataka,5
Chhattisgarh,16
Bihar,14
Bihar,5
Jammu and Kashmir,19
Tripura,19
Mizoram,6
Andhra Pradesh,12
Andhra Pradesh,9
Nagaland,19
Maharashtra,14
Maharashtra,4
Manipur,11
Sikkim,18
Punjab,9
Sikkim,6
Uttarakhand,4
Uttar Pradesh,20
Bihar,9
Rajasthan,6
Meghalaya,18
Tripura,10
Mizoram,16
Arunachal Pradesh,5
Sikkim,14
Madhya Pradesh,18
Andhra Pradesh,11
Maharashtra,15
Arunachal Pradesh,4
Punjab,17
Goa,9
Kerala,20
Jharkhand,3
Odisha,12
Tamil Nadu,8
Madhya Pradesh,13
Andhra Pradesh,12
Arunachal Pradesh,10
Nagaland,5
Tamil Nadu,15
West Bengal,15
Rajasthan,13
Bihar,4
Chhattisgarh,7
Jammu and Kashmir,10
Nagaland,13
Andhra Pradesh,16
Andhra Pradesh,7
Arunachal Pradesh,17
Chhattisgarh,3
Sikkim,20
Punjab,4
Mizoram,19
Haryana,5
Tripura,14
Jharkhand,10
Jammu and Kashmir,6
Maharashtra,7
Tamil Nadu,11
West Bengal,8
Madhya Pradesh,4
Goa,6
Odisha,4
Andhra Pradesh,6
Tripura,20
Arunachal Pradesh,5
Chhattisgarh,14
Madhya Pradesh,13
Uttar Pradesh,19
Jammu and Kashmir,10
Goa,13
Chhattisgarh,3
Himachal Pradesh,18
Karnataka,6
Karnataka,20
Himachal Pradesh,11
Kerala,8
Jammu and Kashmir,14
Sikkim,11
Uttarakhand,18
Arunachal Pradesh,7
Meghalaya,18
Uttarakhand,16
Jammu and Kashmir,20
Tripura,16
Jammu and Kashmir,3
Arunachal Pradesh,15
Himachal Pradesh,17
Himachal Pradesh,8
Bihar,19
Chhattisgarh,15
Goa,13
West Bengal,17
Punjab,3
Bihar,11
Meghalaya,10
Rajasthan,6
Tripura,13
Gujarat,13
Assam,17
Haryana,6
Rajasthan,5
Andhra Pradesh,9
Arunachal Pradesh,17
Mizoram,4
Meghalaya,8
Chhattisgarh,10
Maharashtra,4
Assam,12
Maharashtra,3
Manipur,7
Kerala,6
Meghalaya,4
Uttarakhand,12
Andhra Pradesh,13
Maharashtra,20
Tamil Nadu,8
Gujarat,5
Nagaland,5
Rajasthan,12
Sikkim,3
West Bengal,13
Chhattisgarh,8
Punjab,16
Manipur,5
Jharkhand,14
Chhattisgarh,10
Assam,4
Tripura,3
Karnataka,14
Tamil Nadu,3
Meghalaya,7
Himachal Pradesh,9
West Bengal,15
Sikkim,15
Kerala,10
Assam,16
Rajasthan,15
Gujarat,6
Manipur,10
Uttarakhand,7
Chhattisgarh,16
Manipur,15
Meghalaya,14
Karnataka,10
Tripura,5
Manipur,10
Madhya Pradesh,9
Himachal Pradesh,5
Karnataka,15
Maharashtra,7
Punjab,19
Karnataka,17
Uttarakhand,19
Kerala,16
Goa,5
Kerala,3
Manipur,18
Uttarakhand,4
Tripura,6
Punjab,3
Sikkim,19
Nagaland,8
Kerala,13
Kerala,4
Madhya Pradesh,6
Tamil Nadu,5
Uttar Pradesh,7
Sikkim,7
Madhya Pradesh,10
Chhattisgarh,12
Karnataka,13
Gujarat,10
Chhattisgarh,12
Odisha,15
Arunachal Pradesh,8
Goa,3
Meghalaya,13
Chhattisgarh,14
Uttarakhand,18
Punjab,10
Meghalaya,9
Bihar,15
Haryana,15
Gujarat,15
Tripura,10
Odisha,20
Mizoram,13
Manipur,16
Jammu and Kashmir,19
Himachal Pradesh,16
Rajasthan,11
Nagaland,6
Manipur,13
Gujarat,7
Rajasthan,19
Bihar,17
Arunachal Pradesh,3
Maharashtra,13
West Bengal,8
Uttarakhand,12
Rajasthan,14
West Bengal,3
Sikkim,19
Karnataka,10
Rajasthan,19
Himachal Pradesh,8
Odisha,17
Tamil Nadu,15
Chhattisgarh,16
Chhattisgarh,20
Himachal Pradesh,15
Madhya Pradesh,13
Jammu and Kashmir,17
Chhattisgarh,14
Tripura,12
Meghalaya,8
Jammu and Kashmir,12
Bihar,3
Sikkim,18
Uttar Pradesh,11
Goa,8
West Bengal,3
Tripura,13
Himachal Pradesh,9
Goa,8
Andhra Pradesh,3
Himachal Pradesh,17
Assam,17
Andhra Pradesh,17
Kerala,15
Himachal Pradesh,5
Mizoram,3
Rajasthan,6
Kerala,18
Tamil Nadu,16
Uttar Pradesh,18
Tripura,8
Himachal Pradesh,18
Odisha,14
Arunachal Pradesh,8
Chhattisgarh,19
Jharkhand,3
Bihar,14
Manipur,15
Kerala,5
Uttar Pradesh,19
Arunachal Pradesh,20
Uttar Pradesh,16
Rajasthan,4
Andhra Pradesh,17
Rajasthan,4
Chhattisgarh,4
West Bengal,15
Sikkim,6
Rajasthan,18
Manipur,14
Maharashtra,15
Goa,20
Tamil Nadu,14
Tamil Nadu,19
Jharkhand,8
Arunachal Pradesh,14
Madhya Pradesh,11
Uttarakhand,8
Himachal Pradesh,19
Punjab,8
Andhra Pradesh,11
Madhya Pradesh,4
Karnataka,18
Arunachal Pradesh,8
Sikkim,17
Madhya Pradesh,7
Bihar,12
Karnataka,6
Haryana,14
Odisha,13
Assam,4
Uttar Pradesh,8
Jammu and Kashmir,6
Maharashtra,15
Uttarakhand,14
Arunachal Pradesh,20
Uttar Pradesh,8
Uttarakhand,16
Odisha,14
Tamil Nadu,12
Goa,20
Madhya Pradesh,8
Mizoram,16
Tamil Nadu,9
Chhattisgarh,3
Nagaland,9
Arunachal Pradesh,13
Assam,19
Tripura,9
Maharashtra,15
Tripura,3
Haryana,13
Bihar,17
Bihar,14
Andhra Pradesh,19
Maharashtra,3
Goa,10
Arunachal Pradesh,10
Arunachal Pradesh,20
Odisha,9
Himachal Pradesh,5
Uttar Pradesh,3
Haryana,10
Uttar Pradesh,16
Meghalaya,7
Karnataka,10
Himachal Pradesh,16
Goa,18
Andhra Pradesh,18
Kerala,14
Uttarakhand,5
Himachal Pradesh,10
Chhattisgarh,17
Sikkim,12
Meghalaya,20
Mizoram,18
Arunachal Pradesh,18
Tamil Nadu,4
Uttar Pradesh,3
Kerala,11
Gujarat,12
Nagaland,6
Mizoram,13
Uttar Pradesh,15
Mizoram,6
Rajasthan,3
Odisha,10
Madhya Pradesh,3
Arunachal Pradesh,16
Mizoram,13
Sikkim,3
Tamil Nadu,20
Andhra Pradesh,9
Madhya Pradesh,7
Maharashtra,15
Karnataka,20
Tamil Nadu,15
Mizoram,14
Jharkhand,8
Bihar,19
Haryana,20
Haryana,13
Sikkim,20
Meghalaya,4
Odisha,12
Rajasthan,7
Madhya Pradesh,4
Himachal Pradesh,17
Uttar Pradesh,19
Himachal Pradesh,18
Arunachal Pradesh,10
Madhya Pradesh,18
West Bengal,7
Jharkhand,8
Nagaland,17
Uttar Pradesh,8
Himachal Pradesh,17
Chhattisgarh,4
Meghalaya,10
Haryana,4
Jammu and Kashmir,19
Tripura,12
Karnataka,17
Arunachal Pradesh,15
Rajasthan,20
Nagaland,11
Maharashtra,5
Arunachal Pradesh,10
Meghalaya,9
West Bengal,3
Himachal Pradesh,20
Jharkhand,6
Jammu and Kashmir,7
Himachal Pradesh,12
Andhra Pradesh,10
Maharashtra,6
Madhya Pradesh,11
Himachal Pradesh,3
Rajasthan,7
Rajasthan,19
Mizoram,20
Chhattisgarh,9
Maharashtra,4
West Bengal,8
Tripura,15
Meghalaya,19
Meghalaya,16
Rajasthan,19
Odisha,5
Mizoram,4
Assam,12
Goa,11
Mizoram,3
Uttar Pradesh,12
Kerala,8
Haryana,12
Madhya Pradesh,3
Meghalaya,5
Assam,4
Himachal Pradesh,3
Punjab,7
Jammu and Kashmir,7
Gujarat,10
Manipur,8
Uttar Pradesh,3
Andhra Pradesh,7
Gujarat,7
Himachal Pradesh,17
Manipur,15
Gujarat,14
West Bengal,9
Uttar Pradesh,17
Gujarat,15
Maharashtra,4
Uttar Pradesh,13
Sikkim,8
Goa,4
Goa,12
Gujarat,14
Uttarakhand,4
Nagaland,6
Goa,18
Karnataka,4
Haryana,15
Uttarakhand,11
Uttar Pradesh,10
Maharashtra,4
Haryana,17
Himachal Pradesh,8
Sikkim,16
Gujarat,5
Kerala,19
West Bengal,16
West Bengal,16
Jammu and Kashmir,16
Uttarakhand,19
Maharashtra,9
Chhattisgarh,10
Maharashtra,5
Meghalaya,8
Himachal Pradesh,5
Chhattisgarh,17
Chhattisgarh,15
Odisha,14
Meghalaya,6
Tripura,15
Jammu and Kashmir,10
Chhattisgarh,11
Sikkim,5
Bihar,12
Madhya Pradesh,7
Himachal Pradesh,20
Tripura,3
Meghalaya,13
Nagaland,5
Odisha,8
Odisha,8
Assam,20
Rajasthan,11
Goa,15
Manipur,18
Assam,3
Goa,3
Goa,17
Chhattisgarh,11
Rajasthan,8
Nagaland,6
Goa,7
Maharashtra,17
Haryana,10
Punjab,11
Uttarakhand,3
Uttar Pradesh,11
Goa,11
Jharkhand,7
Kerala,20
Sikkim,13
Manipur,14
Nagaland,20
West Bengal,15
Meghalaya,9
Bihar,16
Assam,11
Tripura,20
Meghalaya,9
Jammu and Kashmir,14
Mizoram,16
Odisha,12
Madhya Pradesh,8
Maharashtra,14
Tripura,9
Odisha,4
Madhya Pradesh,8
Arunachal Pradesh,8
West Bengal,8
Andhra Pradesh,14
Mizoram,16
Arunachal Pradesh,4
Madhya Pradesh,13
Mizoram,3
Assam,10
Assam,19
Assam,8
Uttar Pradesh,10
Karnataka,7
Jammu and Kashmir,11
Madhya Pradesh,14
Tripura,18
Gujarat,9
Uttar Pradesh,12
Bihar,10
Maharashtra,6
Jharkhand,6
Maharashtra,6
Himachal Pradesh,13
Mizoram,15
Jharkhand,3
Assam,6
Andhra Pradesh,19
Assam,19
Manipur,11
Sikkim,13
Gujarat,7
Sikkim,16
Odisha,12
Andhra Pradesh,18
West Bengal,3
West Bengal,15
Tripura,17
Haryana,17
Maharashtra,14
Punjab,7
Jharkhand,10
Uttarakhand,20
Assam,8
Odisha,16
Manipur,5
Uttar Pradesh,8
Assam,10
Himachal Pradesh,15
Punjab,14
Nagaland,11
Arunachal Pradesh,20
Madhya Pradesh,18
Arunachal Pradesh,11
Bihar,20
Andhra Pradesh,8
Manipur,18
Himachal Pradesh,16
Uttar Pradesh,15
Punjab,14
Jammu and Kashmir,17
Karnataka,14
Goa,18
Odisha,20
Jharkhand,4
Jharkhand,7
Himachal Pradesh,11
Odisha,6
Himachal Pradesh,9
Madhya Pradesh,9
Nagaland,18
Chhattisgarh,9
Chhattisgarh,13
Odisha,15
Bihar,5
Manipur,17
Bihar,20
West Bengal,7
Chhattisgarh,6
Goa,19
Tripura,9
Himachal Pradesh,10
Tripura,3
Mizoram,19
Bihar,19
Uttar Pradesh,20
Kerala,6
Kerala,12
Bihar,8
Assam,14
Sikkim,15
West Bengal,3
Chhattisgarh,6
Chhattisgarh,13
Chhattisgarh,15
Tripura,19
Haryana,15
Bihar,4
Karnataka,8
Tamil Nadu,19
Odisha,20
Jharkhand,12
Mizoram,20
Tripura,4
Rajasthan,13
Tripura,4
Maharashtra,5
Maharashtra,7
Goa,17
Jharkhand,17
Jharkhand,4
Kerala,6
Haryana,6
Madhya Pradesh,9
Tripura,20
Tripura,10
Punjab,15
Sikkim,3
Goa,20
Chhattisgarh,20
Odisha,15
Himachal Pradesh,11
Haryana,11
Tamil Nadu,7
Maharashtra,5
Chhattisgarh,11
Uttarakhand,15
Nagaland,20
Mizoram,4
Manipur,12
Nagaland,7
Karnataka,5
Bihar,9
Tamil Nadu,11
Nagaland,18
Himachal Pradesh,11
Manipur,20
Karnataka,17
Assam,3
Jammu and Kashmir,16
Uttar Pradesh,3
Tripura,13
Jammu and Kashmir,3
Bihar,13
Haryana,10
Arunachal Pradesh,8
Punjab,12
Haryana,11
Andhra Pradesh,7
Tamil Nadu,19
West Bengal,9
Karnataka,13
Andhra Pradesh,8
Rajasthan,7
Maharashtra,18
Odisha,7
Rajasthan,19
Karnataka,14
Maharashtra,12
Andhra Pradesh,19
Punjab,15
Andhra Pradesh,10
Assam,13
Andhra Pradesh,7
Tripura,7
Uttarakhand,16
Rajasthan,16
Madhya Pradesh,12
Himachal Pradesh,4
Manipur,8
Himachal Pradesh,18
Chhattisgarh,20
Gujarat,7
Kerala,14
Jammu and Kashmir,5
Jammu and Kashmir,9
Haryana,16
Mizoram,17
Gujarat,12
Chhattisgarh,9
Maharashtra,7
Uttar Pradesh,7
Chhattisgarh,3
Himachal Pradesh,16
Uttarakhand,17
Uttar Pradesh,12
Bihar,14
Tripura,17
Chhattisgarh,14
Chhattisgarh,10
Punjab,18
Haryana,13
Chhattisgarh,15
Mizoram,5
Chhattisgarh,10
Uttarakhand,18
Meghalaya,8
Jharkhand,5
Andhra Pradesh,11
Kerala,11
Kerala,5
Arunachal Pradesh,20
Manipur,5
Punjab,20
Gujarat,5
Jharkhand,10
Sikkim,9
Sikkim,11
Chhattisgarh,6
Haryana,10
Haryana,16
Tamil Nadu,9
Haryana,4
Assam,20
Andhra Pradesh,8
Punjab,10
Jharkhand,3
Jharkhand,4
Tamil Nadu,19
Maharashtra,13
West Bengal,7
Maharashtra,5
Goa,6
Tamil Nadu,7
Odisha,12
Haryana,13
Mizoram,20
Haryana,9
Haryana,8
Nagaland,10
Maharashtra,5
Gujarat,18
Karnataka,3
Himachal Pradesh,11
Gujarat,12
Chhattisgarh,12
Uttarakhand,10
Haryana,9
Karnataka,19
Uttarakhand,9
Mizoram,14
Gujarat,10
Uttar Pradesh,18
Maharashtra,15
Haryana,17
West Bengal,17
Bihar,10
Andhra Pradesh,17
Sikkim,12
Himachal Pradesh,16
Rajasthan,14
Punjab,13
Himachal Pradesh,16
Jammu and Kashmir,20
Karnataka,3
Himachal Pradesh,11
Uttar Pradesh,5
Odisha,6
Karnataka,14
Tripura,15
Karnataka,6
Sikkim,13
Mizoram,10
Gujarat,5
Rajasthan,20
Himachal Pradesh,17
Bihar,7
Andhra Pradesh,3
Mizoram,20
Jammu and Kashmir,14
West Bengal,17
Gujarat,20
Tamil Nadu,13
Tamil Nadu,18
Madhya Pradesh,5
Maharashtra,11
Nagaland,19
Goa,5
Goa,16
Gujarat,17
Jharkhand,4
Chhattisgarh,20
West Bengal,19
Gujarat,20
Manipur,10
Gujarat,7
Maharashtra,3
Madhya Pradesh,6
Uttarakhand,15
Assam,18
Goa,15
Karnataka,6
Nagaland,18
Rajasthan,3
West Bengal,6
Himachal Pradesh,10
Andhra Pradesh,14
Madhya Pradesh,9
Jharkhand,3
Nagaland,17
Assam,10
Haryana,3
Madhya Pradesh,9
Madhya Pradesh,7
Goa,5
Maharashtra,6
Tripura,20
Chhattisgarh,11
Uttar Pradesh,19
Punjab,17
Meghalaya,6
Meghalaya,3
Rajasthan,18
Mizoram,5
Karnataka,16
Kerala,19
Tripura,18
Assam,7
Bihar,10
Arunachal Pradesh,8
Madhya Pradesh,19
Tamil Nadu,4
Gujarat,12
West Bengal,12
Manipur,19
Bihar,10
Assam,8
Tamil Nadu,11
Assam,13
Rajasthan,18
Manipur,17
Uttarakhand,8
Kerala,6
Karnataka,7
Goa,12
Himachal Pradesh,14
Punjab,7
Jharkhand,10
Bihar,19
Meghalaya,12
Haryana,3
Uttar Pradesh,12
Nagaland,9
Tamil Nadu,9
Punjab,18
Sikkim,17
Tripura,8
Rajasthan,12
Bihar,20
Karnataka,12
Himachal Pradesh,7
Kerala,15
West Bengal,9
Nagaland,14
Chhattisgarh,19
Meghalaya,17
Gujarat,9
Arunachal Pradesh,5
Bihar,5
Madhya Pradesh,13
Gujarat,10
Tripura,4
Bihar,5
West Bengal,6
Nagaland,5
Meghalaya,3
Arunachal Pradesh,3
Mizoram,13
Karnataka,9
Andhra Pradesh,4
Bihar,17
Assam,13
Karnataka,13
Himachal Pradesh,3
Madhya Pradesh,8
Uttarakhand,7
Tripura,16
Nagaland,20
Assam,11
Mizoram,8
Manipur,8
Nagaland,7
Uttar Pradesh,15
Jharkhand,3
Haryana,12
Karnataka,13
Maharashtra,5
Rajasthan,10
Uttar Pradesh,16
Jharkhand,3
Madhya Pradesh,14
Assam,19
Haryana,7
Rajasthan,11
Chhattisgarh,19
Madhya Pradesh,3
Bihar,16
West Bengal,4
Uttarakhand,20
Tamil Nadu,17
Tripura,6
Manipur,10
Tamil Nadu,11
Goa,8
Haryana,19
Kerala,14
Arunachal Pradesh,20
Odisha,18
Tripura,17
Tripura,12
Andhra Pradesh,20
Uttarakhand,5
West Bengal,9
Sikkim,9
Andhra Pradesh,19
Andhra Pradesh,6
Manipur,13
Punjab,17
Assam,5
Assam,5
Arunachal Pradesh,5
Arunachal Pradesh,20
Haryana,8
Assam,7
Rajasthan,14
Andhra Pradesh,3
Bihar,7
Karnataka,11
Sikkim,9
Karnataka,18
Himachal Pradesh,20
Kerala,10
Jharkhand,3
Madhya Pradesh,20
Punjab,5
Jammu and Kashmir,11
Manipur,13
Assam,5
Gujarat,9
Punjab,9
Meghalaya,11
Manipur,3
Haryana,19
Nagaland,10
Gujarat,10
Arunachal Pradesh,6
Madhya Pradesh,19
Nagaland,6
Manipur,17
Kerala,15
Himachal Pradesh,4
Assam,4
Haryana,11
Maharashtra,8
Odisha,16
Bihar,15
West Bengal,4
Sikkim,8
Tamil Nadu,15
Chhattisgarh,13
Maharashtra,13
Arunachal Pradesh,6
Punjab,8
Goa,20
Haryana,11
Nagaland,7
Chhattisgarh,9
Assam,10
Arunachal Pradesh,15
Odisha,7
Tamil Nadu,9
Bihar,4
Uttarakhand,3
Arunachal Pradesh,5
Goa,4
Karnataka,6
Goa,13
Mizoram,7
Rajasthan,3
Uttar Pradesh,8
Haryana,17
Haryana,17
Tripura,4
Uttarakhand,17
Uttar Pradesh,13
Uttar Pradesh,9
Manipur,17
Kerala,18
Karnataka,5
Assam,20
Arunachal Pradesh,6
Manipur,7
Maharashtra,12
Gujarat,19
Odisha,14
Himachal Pradesh,9
Bihar,4
Jharkhand,3
Bihar,9
Karnataka,11
Odisha,4
Himachal Pradesh,18
Nagaland,9
Chhattisgarh,3
Rajasthan,12
Chhattisgarh,15
West Bengal,15
Odisha,3
Punjab,17
Goa,16
Arunachal Pradesh,11
Odisha,5
Arunachal Pradesh,15
Andhra Pradesh,7
Tamil Nadu,20
Himachal Pradesh,8
Gujarat,12
Nagaland,9
Jammu and Kashmir,5
Odisha,3
Assam,15
Meghalaya,11
Assam,16
Kerala,6
Meghalaya,16
Nagaland,3
Himachal Pradesh,3
Kerala,16
Assam,3
Uttarakhand,15
Goa,12
Uttar Pradesh,3
Punjab,6
Haryana,8
Chhattisgarh,6
Uttarakhand,12
Jharkhand,12
Tripura,17
Punjab,6
Himachal Pradesh,9
Punjab,4
Uttar Pradesh,10
Andhra Pradesh,10
Kerala,8
Maharashtra,6
Bihar,20
Kerala,18
Goa,6
Jharkhand,20
Sikkim,13
Gujarat,12
Himachal Pradesh,19
Chhattisgarh,14
Nagaland,7
Andhra Pradesh,7
Bihar,11
Odisha,6
Bihar,17
Arunachal Pradesh,7
Bihar,5
Rajasthan,8
Sikkim,14
Goa,8
Jammu and Kashmir,16
Himachal Pradesh,9
Nagaland,10
Gujarat,18
Karnataka,3
Karnataka,10
Andhra Pradesh,16
Karnataka,19
Himachal Pradesh,14
Odisha,3
Meghalaya,6
Kerala,17
Jharkhand,12
Jharkhand,20
Bihar,16
Bihar,4
Uttar Pradesh,13
Rajasthan,12
Goa,12
Goa,15
Bihar,13
Nagaland,5
Tripura,4
Arunachal Pradesh,12
Odisha,10
Sikkim,7
Rajasthan,6
Uttarakhand,14
Maharashtra,17
Meghalaya,6
Mizoram,6
Haryana,7
Tripura,10
Jharkhand,19
Goa,9
Tamil Nadu,11
Karnataka,20
Arunachal Pradesh,13
Chhattisgarh,20
Gujarat,10
Assam,3
Tamil Nadu,20
Uttarakhand,17
Tripura,7
Mizoram,20
Maharashtra,16
Mizoram,17
Andhra Pradesh,13
Arunachal Pradesh,12
Rajasthan,5
Assam,5
Odisha,9
Jammu and Kashmir,12
Jharkhand,3
Maharashtra,14
Uttar Pradesh,17
Uttar Pradesh,11
Karnataka,4
Tripura,13
West Bengal,10
Himachal Pradesh,9
Maharashtra,12
Punjab,14
Uttar Pradesh,19
Tripura,4
Uttarakhand,17
Andhra Pradesh,18
Karnataka,8
Goa,15
Punjab,15
Rajasthan,12
Assam,17
Manipur,18
Bihar,5
Gujarat,3
Bihar,9
Nagaland,18
Maharashtra,4
Uttarakhand,19
Maharashtra,10
Jharkhand,4
Andhra Pradesh,16
Kerala,10
Odisha,12
Mizoram,12
Rajasthan,10
Gujarat,5
Chhattisgarh,16
Jharkhand,12
Tamil Nadu,9
Gujarat,3
Tripura,10
Assam,20
Uttarakhand,10
Tripura,11
Chhattisgarh,7
Tripura,8
Uttar Pradesh,12
Jammu and Kashmir,17
Haryana,8
Maharashtra,3
Meghalaya,16
Gujarat,20
Andhra Pradesh,6
Meghalaya,12
Mizoram,14
Karnataka,8
Bihar,16
Meghalaya,14
Mizoram,16
Tamil Nadu,5
Himachal Pradesh,19
Rajasthan,20
Tripura,15
Kerala,6
Himachal Pradesh,3
Goa,7
Goa,13
West Bengal,15
Kerala,5
Madhya Pradesh,9
Goa,19
Andhra Pradesh,15
Mizoram,15
Uttar Pradesh,9
Arunachal Pradesh,19
Maharashtra,18
Maharashtra,12
Meghalaya,17
Jammu and Kashmir,4
Kerala,14
Nagaland,9
Tamil Nadu,7
Jammu and Kashmir,15
Tamil Nadu,8
Rajasthan,17
Jammu and Kashmir,9
Manipur,20
Jharkhand,14
Haryana,9
Odisha,5
Goa,9
Sikkim,7
Mizoram,12
Karnataka,11
Jharkhand,12
Maharashtra,7
Jammu and Kashmir,20
Arunachal Pradesh,7
Goa,11
Haryana,5
Nagaland,3
Andhra Pradesh,16
Gujarat,13
Rajasthan,5
Karnataka,10
Andhra Pradesh,12
Nagaland,3
Mizoram,5
Tamil Nadu,7
Manipur,3
Manipur,19
Odisha,13
Tamil Nadu,13
Jharkhand,4
Bihar,12
West Bengal,15
Uttarakhand,9
Bihar,3
Jharkhand,15
Manipur,7
Tripura,20
Uttarakhand,15
Arunachal Pradesh,16
Assam,9
Nagaland,10
Uttar Pradesh,12
Haryana,11
Andhra Pradesh,5
Goa,8
Maharashtra,7
Jammu and Kashmir,3
Goa,15
Chhattisgarh,10
Himachal Pradesh,5
Arunachal Pradesh,13
Meghalaya,17
Assam,12
Kerala,9
Mizoram,15
Sikkim,5
Jharkhand,6
Sikkim,13
Kerala,20
Andhra Pradesh,18
Karnataka,18
Bihar,11
Punjab,18
Gujarat,12
Chhattisgarh,17
Tripura,6
Odisha,18
Karnataka,6
Jammu and Kashmir,20
Tripura,18
Goa,7
Madhya Pradesh,20
Uttar Pradesh,19
Himachal Pradesh,10
Nagaland,5
Uttar Pradesh,16
Meghalaya,14
Manipur,19
Haryana,20
Karnataka,3
Uttarakhand,14
Rajasthan,11
Haryana,20
Rajasthan,14
Punjab,15
Goa,14
Tripura,10
Uttarakhand,6
Maharashtra,9
Uttar Pradesh,16
Jammu and Kashmir,7
Manipur,13
Meghalaya,9
Tripura,15
Nagaland,7
Haryana,12
Jammu and Kashmir,6
Nagaland,10
Punjab,19
West Bengal,15
Madhya Pradesh,7
Jammu and Kashmir,18
Meghalaya,7
Goa,6
Tripura,7
Haryana,14
Jharkhand,11
Jharkhand,17
Sikkim,7
Punjab,10
Meghalaya,12
Himachal Pradesh,10
Himachal Pradesh,9
Himachal Pradesh,13
Odisha,14
Uttar Pradesh,4
Bihar,8
Gujarat,18
Odisha,17
Meghalaya,8
West Bengal,8
Mizoram,19
Kerala,19
Jammu and Kashmir,10
Goa,13
Meghalaya,17
Tripura,4
Uttar Pradesh,8
Uttar Pradesh,7
Gujarat,19
Nagaland,20
Manipur,19
Kerala,7
Nagaland,12
Himachal Pradesh,5
Goa,13
Kerala,4
Tamil Nadu,6
Karnataka,4
Bihar,15
West Bengal,15
Rajasthan,12
Chhattisgarh,20
Jharkhand,4
Gujarat,16
Jharkhand,10
Tamil Nadu,20
Gujarat,13
Chhattisgarh,20
Madhya Pradesh,15
Rajasthan,17
Nagaland,13
Uttarakhand,14
Punjab,19
Punjab,11
Mizoram,14
Gujarat,18
Madhya Pradesh,14
Maharashtra,11
Goa,8
Gujarat,9
Sikkim,7
Manipur,10
Andhra Pradesh,19
Punjab,20
Sikkim,17
Maharashtra,8
Maharashtra,9
Arunachal Pradesh,11
Uttar Pradesh,13
Nagaland,20
Manipur,11
Mizoram,4
Odisha,19
Haryana,8
Uttar Pradesh,16
Rajasthan,20
Rajasthan,10
Maharashtra,7
Madhya Pradesh,7
Uttarakhand,7
Manipur,10
Punjab,17
West Bengal,12
Maharashtra,13
Tripura,18
Arunachal Pradesh,19
Kerala,15
Tamil Nadu,15
Andhra Pradesh,4
Meghalaya,10
Arunachal Pradesh,13
Kerala,8
Bihar,6
Gujarat,8
Manipur,4
Rajasthan,6
Madhya Pradesh,13
Haryana,9
Himachal Pradesh,4
Goa,19
Mizoram,3
Sikkim,12
Nagaland,10
Tripura,20
Sikkim,3
Nagaland,17
Karnataka,15
Kerala,19
Gujarat,8
Tripura,15
Assam,16
Bihar,10
Haryana,18
Uttarakhand,8
Gujarat,8
Goa,16
Maharashtra,12
Maharashtra,5
Uttar Pradesh,18
Meghalaya,11
Sikkim,5
Tripura,10
Maharashtra,3
Mizoram,11
Meghalaya,11
Uttar Pradesh,7
Manipur,5
Maharashtra,20
Jharkhand,15
Maharashtra,7
Uttar Pradesh,9
Odisha,19
Uttar Pradesh,9
Maharashtra,5
Meghalaya,12
Jammu and Kashmir,5
Mizoram,14
Madhya Pradesh,8
Madhya Pradesh,6
Jammu and Kashmir,19
Rajasthan,7
Rajasthan,9
Maharashtra,9
Goa,19
Bihar,13
Uttarakhand,3
Jharkhand,14
Uttarakhand,9
Madhya Pradesh,20
Uttar Pradesh,5
West Bengal,17
Meghalaya,4
West Bengal,8
Rajasthan,17
Maharashtra,10
Jharkhand,8
Goa,5
Uttarakhand,10
Madhya Pradesh,11
West Bengal,9
Jammu and Kashmir,19
Tripura,17
Maharashtra,18
Maharashtra,18
Maharashtra,20
Jammu and Kashmir,16
Uttarakhand,8
Odisha,3
Jharkhand,8
Nagaland,18
Haryana,7
Himachal Pradesh,16
Tripura,5
Arunachal Pradesh,15
Arunachal Pradesh,10
Goa,19
Manipur,6
Kerala,12
Sikkim,19
Jammu and Kashmir,15
Haryana,14
Uttarakhand,18
Andhra Pradesh,11
Arunachal Pradesh,6
Manipur,8
Assam,17
Karnataka,17
Punjab,15
Uttarakhand,11
Nagaland,16
Odisha,14
Chhattisgarh,17
Manipur,13
Punjab,5
Karnataka,13
Assam,15
Tripura,20
Meghalaya,4
Andhra Pradesh,4
Haryana,17
Odisha,18
Nagaland,9
Arunachal Pradesh,17
Chhattisgarh,18
Bihar,3
Uttar Pradesh,14
Andhra Pradesh,19
Andhra Pradesh,19
Uttar Pradesh,6
Bihar,5
Maharashtra,9
Assam,15
Uttar Pradesh,14
Kerala,17
Manipur,4
Haryana,14
Gujarat,3
Karnataka,9
Odisha,16
Mizoram,6
Rajasthan,10
Haryana,6
Bihar,19
Manipur,5
Nagaland,3
Chhattisgarh,4
Jharkhand,11
Gujarat,20
Chhattisgarh,17
Uttarakhand,12
Kerala,13
Odisha,8
Punjab,3
Sikkim,18
Maharashtra,13
Gujarat,6
Manipur,7
Tripura,17
Odisha,8
Nagaland,20
Sikkim,4
Meghalaya,3
Gujarat,3
Maharashtra,13
Gujarat,17
Arunachal Pradesh,12
West Bengal,20
Chhattisgarh,15
West Bengal,14
Uttar Pradesh,6
Andhra Pradesh,6
Tamil Nadu,19
Punjab,3
Sikkim,10
Nagaland,5
Kerala,8
Gujarat,18
Assam,16
West Bengal,19
Goa,14
Jharkhand,12
Uttar Pradesh,9
Meghalaya,4
Odisha,8
West Bengal,12
Kerala,4
Tripura,15
Jharkhand,7
Sikkim,5
Jammu and Kashmir,20
Maharashtra,5
Gujarat,7
Tamil Nadu,3
Rajasthan,17
Arunachal Pradesh,16
Tripura,19
Manipur,10
Gujarat,6
Chhattisgarh,8
Goa,18
Haryana,14
Tripura,9
Nagaland,17
Jharkhand,18
Jammu and Kashmir,18
Meghalaya,4
Jharkhand,4
Madhya Pradesh,6
Jammu and Kashmir,8
Arunachal Pradesh,13
Madhya Pradesh,14
Karnataka,18
Rajasthan,6
Tripura,8
Odisha,9
Mizoram,18
Jharkhand,16
Jharkhand,15
Madhya Pradesh,4
Uttar Pradesh,20
Uttar Pradesh,15
Kerala,16
Assam,7
Chhattisgarh,15
Himachal Pradesh,6
Karnataka,4
Madhya Pradesh,13
Assam,19
Nagaland,7
Chhattisgarh,10
Sikkim,16
Uttarakhand,20
Karnataka,5
Jharkhand,15
Madhya Pradesh,8
Nagaland,14
Haryana,3
Meghalaya,13
Kerala,15
Haryana,6
Gujarat,11
Nagaland,6
Arunachal Pradesh,9
Mizoram,4
Manipur,10
Uttar Pradesh,5
Kerala,14
Mizoram,19
Madhya Pradesh,3
Sikkim,5
Kerala,13
Andhra Pradesh,7
Arunachal Pradesh,13
Meghalaya,12
Meghalaya,6
Tripura,20
Haryana,10
Tripura,14
Jammu and Kashmir,20
Meghalaya,12
Jammu and Kashmir,17
Gujarat,18
Chhattisgarh,10
Meghalaya,20
Maharashtra,3
Kerala,9
Nagaland,3
Chhattisgarh,11
Kerala,9
Punjab,3
Mizoram,13
Odisha,3
Sikkim,20
Jammu and Kashmir,5
Tripura,3
Goa,16
Sikkim,15
Bihar,4
Mizoram,11
Assam,8
Goa,19
West Bengal,10
Chhattisgarh,11
Kerala,19
Karnataka,6
Tamil Nadu,17
Assam,7
Nagaland,11
Jharkhand,7
Jammu and Kashmir,11
Meghalaya,10
Uttarakhand,7
Jammu and Kashmir,4
Jharkhand,20
Manipur,18
Tripura,10
Haryana,18
Himachal Pradesh,16
Nagaland,10
Himachal Pradesh,7
Uttar Pradesh,10
Assam,16
Arunachal Pradesh,17
Manipur,17
Jharkhand,16
Jharkhand,5
Haryana,16
Tripura,11
Uttarakhand,3
Goa,11
Karnataka,13
Uttar Pradesh,8
Manipur,3
Andhra Pradesh,18
Odisha,3
Jammu and Kashmir,13
Jharkhand,9
Mizoram,5
Mizoram,6
Manipur,12
Punjab,13
Arunachal Pradesh,17
Arunachal Pradesh,20
Meghalaya,8
West Bengal,6
Arunachal Pradesh,5
Rajasthan,17
Assam,18
Himachal Pradesh,15
Mizoram,19
Uttar Pradesh,7
Chhattisgarh,6
Manipur,13
Andhra Pradesh,6
Chhattisgarh,8
Karnataka,17
Gujarat,13
Nagaland,7
Uttar Pradesh,5
Chhattisgarh,8
Chhattisgarh,5
Bihar,11
Arunachal Pradesh,8
Tamil Nadu,7
West Bengal,14
Assam,14
Chhattisgarh,6
Tripura,3
Nagaland,17
Goa,18
Mizoram,20
Tamil Nadu,11
Mizoram,9
Tamil Nadu,13
Tripura,5
Kerala,10
Haryana,13
Nagaland,20
Uttar Pradesh,18
Goa,7
Bihar,20
Haryana,20
Sikkim,20
Uttarakhand,3
Karnataka,17
Jammu and Kashmir,8
Jharkhand,19
Haryana,14
Punjab,17
Himachal Pradesh,14
Kerala,16
West Bengal,7
Uttarakhand,11
Maharashtra,15
Nagaland,12
Manipur,4
Uttarakhand,6
Karnataka,11
Chhattisgarh,19
Nagaland,18
Manipur,3
Jammu and Kashmir,13
Tripura,7
Uttarakhand,12
Andhra Pradesh,10
Punjab,15
Chhattisgarh,14
Bihar,7
Maharashtra,8
Assam,7
Manipur,8
Punjab,11
Arunachal Pradesh,17
Jharkhand,9
Goa,11
Andhra Pradesh,12
Bihar,18
Andhra Pradesh,13
Kerala,19
Meghalaya,7
Punjab,6
West Bengal,13
West Bengal,16
Rajasthan,3
Madhya Pradesh,3
Bihar,8
Jharkhand,15
Madhya Pradesh,7
Maharashtra,5
Manipur,16
Mizoram,16
Nagaland,10
Manipur,14
Andhra Pradesh,19
Rajasthan,14
Nagaland,9
Madhya Pradesh,10
Punjab,6
Uttar Pradesh,5
Mizoram,9
Himachal Pradesh,19
Kerala,19
Odisha,12
Odisha,20
Meghalaya,5
Andhra Pradesh,13
Sikkim,18
Haryana,19
Punjab,13
Karnataka,17
Bihar,15
Odisha,11
Meghalaya,14
Goa,7
Meghalaya,5
Assam,13
Goa,15
Chhattisgarh,6
Rajasthan,9
Uttar Pradesh,5
Maharashtra,8
Karnataka,18
Punjab,5
Kerala,20
Himachal Pradesh,7
Kerala,13
Uttar Pradesh,18
Meghalaya,11
Jammu and Kashmir,6
Arunachal Pradesh,15
Jammu and Kashmir,4
Odisha,14
Jharkhand,20
Uttar Pradesh,7
Maharashtra,10
Sikkim,10
Haryana,18
Himachal Pradesh,17
Manipur,12
Chhattisgarh,19
Tripura,7
Karnataka,20
Kerala,16
Uttar Pradesh,20
Chhattisgarh,16
West Bengal,18
Chhattisgarh,15
Uttarakhand,3
Tamil Nadu,6
Haryana,6
Nagaland,6
Odisha,13
Andhra Pradesh,9
Rajasthan,8
Uttarakhand,12
Arunachal Pradesh,10
Madhya Pradesh,10
Madhya Pradesh,3
Manipur,18
Mizoram,16
Goa,7
Kerala,5
Jammu and Kashmir,6
Bihar,16
Kerala,5
Gujarat,17
Jharkhand,4
Nagaland,16
Sikkim,3
Sikkim,17
Nagaland,17
Andhra Pradesh,19
Madhya Pradesh,11
Uttarakhand,15
Madhya Pradesh,18
Andhra Pradesh,8
Karnataka,12
Andhra Pradesh,6
Gujarat,9
Meghalaya,20
Meghalaya,4
Arunachal Pradesh,5
Tamil Nadu,12
Andhra Pradesh,10
Uttar Pradesh,10
Punjab,3
Tamil Nadu,3
Madhya Pradesh,14
Tripura,14
Andhra Pradesh,12
Haryana,5
Kerala,16
Tripura,8
Goa,10
Punjab,10
Gujarat,6
West Bengal,5
Jammu and Kashmir,5
Uttarakhand,13
Manipur,20
Himachal Pradesh,9
West Bengal,18
Bihar,3
Chhattisgarh,15
Odisha,11
Madhya Pradesh,19
Goa,5
Tripura,9
Jharkhand,6
Odisha,12
Uttarakhand,13
Sikkim,13
Nagaland,11
Gujarat,4
Jharkhand,10
Jharkhand,9
Uttarakhand,18
Chhattisgarh,5
Sikkim,8
Goa,3
Assam,14
Odisha,7
Nagaland,13
Gujarat,6
Bihar,3
Meghalaya,11
Andhra Pradesh,8
Rajasthan,12
Tripura,7
Uttarakhand,19
Madhya Pradesh,12
Sikkim,10
Jammu and Kashmir,6
Arunachal Pradesh,17
Tripura,3
Arunachal Pradesh,6
Sikkim,12
Maharashtra,15
Karnataka,15
Meghalaya,7
Goa,16
Assam,15
Tamil Nadu,8
Manipur,4
Himachal Pradesh,4
Meghalaya,6
Goa,7
Haryana,4
Chhattisgarh,15
Uttarakhand,8
Mizoram,13
Odisha,8
Bihar,9
West Bengal,7
Jammu and Kashmir,15
Tamil Nadu,5
Sikkim,20
Madhya Pradesh,20
Rajasthan,16
Odisha,6
Assam,16
Uttarakhand,3
Nagaland,19
Maharashtra,3
Gujarat,10
Nagaland,13
Karnataka,15
Andhra Pradesh,5
Gujarat,15
Bihar,11
Sikkim,12
Bihar,15
Odisha,19
Himachal Pradesh,16
Arunachal Pradesh,9
Meghalaya,6
Manipur,13
Sikkim,5
Haryana,20
Assam,15
Bihar,20
Haryana,17
Uttarakhand,16
Jammu and Kashmir,5
Himachal Pradesh,3
Gujarat,15
Karnataka,20
Bihar,15
Maharashtra,11
Sikkim,7
Odisha,18
Manipur,12
Mizoram,18
Rajasthan,5
Rajasthan,7
Odisha,18
Maharashtra,4
Odisha,12
Karnataka,19
Maharashtra,16
Maharashtra,17
Haryana,10
Punjab,11
Uttar Pradesh,12
Bihar,10
West Bengal,16
Mizoram,8
Mizoram,14
Tamil Nadu,18
Gujarat,7
Mizoram,16
Nagaland,8
Punjab,11
Kerala,12
Madhya Pradesh,10
Chhattisgarh,19
Tamil Nadu,8
West Bengal,10
Andhra Pradesh,7
Meghalaya,19
Assam,19
Kerala,13
Kerala,11
Gujarat,12
Uttarakhand,17
Tamil Nadu,9
Maharashtra,10
Manipur,9
Nagaland,17
Uttar Pradesh,9
Tripura,12
Assam,13
Manipur,5
Punjab,12
Mizoram,3
Jammu and Kashmir,5
Assam,10
Madhya Pradesh,7
Karnataka,20
Uttarakhand,19
Meghalaya,19
Madhya Pradesh,5
Uttar Pradesh,20
Rajasthan,4
Haryana,6
Odisha,12
Madhya Pradesh,16
Jammu and Kashmir,9
West Bengal,4
Punjab,4
Haryana,11
Uttar Pradesh,3
Jammu and Kashmir,19
Odisha,5
Tripura,10
Uttarakhand,14
Kerala,3
Manipur,3
Assam,3
Jammu and Kashmir,12
Punjab,19
Odisha,20
Arunachal Pradesh,14
Tripura,8
Meghalaya,5
Gujarat,15
Himachal Pradesh,13
Tamil Nadu,8
Chhattisgarh,17
Uttarakhand,10
Punjab,4
Rajasthan,15
Bihar,8
Manipur,3
Madhya Pradesh,11
Jammu and Kashmir,5
Haryana,16
Assam,13
Bihar,10
Arunachal Pradesh,18
Mizoram,15
Chhattisgarh,9
Bihar,4
Nagaland,4
Uttar Pradesh,11
Assam,17
Mizoram,14
Bihar,20
Jharkhand,14
Punjab,8
Chhattisgarh,10
Punjab,3
West Bengal,5
Goa,13
Madhya Pradesh,15
Assam,10
West Bengal,9
Uttarakhand,19
Rajasthan,10
Uttar Pradesh,19
Gujarat,15
Punjab,16
Nagaland,19
Punjab,17
Jammu and Kashmir,10
Manipur,3
Assam,11
Madhya Pradesh,7
Karnataka,5
Meghalaya,14
Tamil Nadu,20
Odisha,4
Sikkim,14
Meghalaya,15
Sikkim,17
Odisha,14
Arunachal Pradesh,18
Jharkhand,15
Himachal Pradesh,17
Rajasthan,8
Punjab,4
Andhra Pradesh,10
Nagaland,16
Maharashtra,9
Maharashtra,4
Himachal Pradesh,15
Odisha,17
Manipur,18
Himachal Pradesh,13
Rajasthan,7
Jharkhand,19
Himachal Pradesh,4
Bihar,10
Jharkhand,15
Karnataka,11
Jammu and Kashmir,6
Punjab,12
Uttar Pradesh,16
Mizoram,12
Sikkim,12
Gujarat,8
Tamil Nadu,4
Punjab,17
Karnataka,15
Manipur,19
Sikkim,3
Arunachal Pradesh,11
Himachal Pradesh,17
Assam,17
Haryana,11
Himachal Pradesh,10
Sikkim,10
Madhya Pradesh,17
Bihar,18
Manipur,3
Meghalaya,16
Maharashtra,6
Tripura,15
Madhya Pradesh,9
Uttar Pradesh,6
Himachal Pradesh,19
Haryana,20
Uttarakhand,11
Manipur,4
Bihar,17
Bihar,10
Punjab,6
Rajasthan,6
Goa,18
Kerala,11
Tamil Nadu,13
Uttar Pradesh,16
Gujarat,18
Goa,17
Meghalaya,3
Manipur,10
Haryana,14
Uttar Pradesh,18
Kerala,9
Uttar Pradesh,12
Karnataka,13
Kerala,4
Punjab,19
Tripura,20
Mizoram,18
Jharkhand,8
Andhra Pradesh,7
West Bengal,4
Punjab,12
Manipur,11
Jharkhand,13
Himachal Pradesh,17
Manipur,4
Mizoram,6
Andhra Pradesh,3
Maharashtra,5
Andhra Pradesh,10
Arunachal Pradesh,12
Assam,5
Rajasthan,18
Assam,7
Haryana,20
Assam,14
Sikkim,12
Haryana,9
Jammu and Kashmir,12
Uttarakhand,8
Assam,11
Gujarat,11
Punjab,6
Goa,10
Punjab,9
Maharashtra,7
Chhattisgarh,10
Odisha,8
Haryana,10
Haryana,10
Andhra Pradesh,7
Madhya Pradesh,7
Gujarat,7
Gujarat,14
Himachal Pradesh,7
Rajasthan,14
Nagaland,6
Tripura,19
Karnataka,8
Nagaland,8
Rajasthan,19
Kerala,13
Gujarat,7
Odisha,6
Uttarakhand,12
Bihar,4
Gujarat,9
Goa,15
Rajasthan,4
Goa,16
Gujarat,14
Haryana,16
Arunachal Pradesh,11
Bihar,3
Andhra Pradesh,13
Mizoram,13
Haryana,12
Arunachal Pradesh,11
Gujarat,6
Punjab,10
Sikkim,17
Uttar Pradesh,18
Madhya Pradesh,14
Himachal Pradesh,11
Maharashtra,15
Gujarat,11
Assam,13
Punjab,17
Bihar,9
Gujarat,14
Gujarat,11
West Bengal,14
Bihar,17
West Bengal,7
Tamil Nadu,14
Mizoram,12
Uttarakhand,9
Chhattisgarh,6
Karnataka,8
Karnataka,5
Kerala,18
Rajasthan,9
Karnataka,14
Assam,16
Uttar Pradesh,13
Tamil Nadu,18
Mizoram,10
Rajasthan,10
West Bengal,20
Madhya Pradesh,9
Manipur,9
Mizoram,13
Odisha,5
Rajasthan,5
Manipur,11
Haryana,11
Madhya Pradesh,17
Madhya Pradesh,20
Madhya Pradesh,13
Mizoram,9
Goa,15
Punjab,14
Karnataka,12
Bihar,7
Uttar Pradesh,19
Maharashtra,19
Mizoram,16
Rajasthan,17
Mizoram,16
Mizoram,10
Himachal Pradesh,3
Andhra Pradesh,17
West Bengal,15
Tamil Nadu,20
Mizoram,4
Tripura,5
Jammu and Kashmir,10
Nagaland,10
Meghalaya,8
Jharkhand,14
Karnataka,6
Bihar,16
Madhya Pradesh,3
Uttar Pradesh,18
Jammu and Kashmir,17
Kerala,14
Gujarat,16
Assam,5
Uttar Pradesh,9
Madhya Pradesh,12
Andhra Pradesh,11
Himachal Pradesh,5
Uttarakhand,10
Nagaland,5
Andhra Pradesh,8
Gujarat,11
Tripura,8
Jharkhand,5
Uttar Pradesh,19
Jharkhand,15
Haryana,12
Bihar,8
Uttarakhand,18
Tripura,9
Odisha,14
Rajasthan,17
Arunachal Pradesh,14
Himachal Pradesh,12
Bihar,19
Haryana,11
Madhya Pradesh,9
Odisha,18
Chhattisgarh,7
Mizoram,16
Punjab,6
Assam,4
Meghalaya,11
Madhya Pradesh,8
Kerala,4
Chhattisgarh,5
Odisha,6
Haryana,3
Assam,5
Madhya Pradesh,11
Jharkhand,16
Chhattisgarh,13
West Bengal,6
Manipur,12
Kerala,13
Bihar,13
Punjab,6
Meghalaya,9
Rajasthan,13
Kerala,18
West Bengal,13
Goa,8
Rajasthan,19
Mizoram,8
West Bengal,17
Odisha,15
Andhra Pradesh,11
Punjab,9
Tripura,10
Maharashtra,6
Rajasthan,3
Meghalaya,18
Bihar,17
Sikkim,17
Gujarat,7
Goa,8
Chhattisgarh,10
Nagaland,13
Himachal Pradesh,11
Sikkim,7
Gujarat,5
Maharashtra,4
Uttar Pradesh,10
West Bengal,14
Bihar,3
Manipur,15
Rajasthan,7
Manipur,9
Assam,13
Karnataka,19
Tamil Nadu,7
Maharashtra,17
Haryana,16
Tripura,5
Mizoram,3
Manipur,10
Tripura,16
Maharashtra,19
Sikkim,4
Arunachal Pradesh,6
Manipur,14
Odisha,9
Himachal Pradesh,17
Mizoram,10
Uttar Pradesh,10
Mizoram,15
Karnataka,9
Sikkim,12
Assam,17
Sikkim,13
Bihar,9
Mizoram,15
Kerala,18
Mizoram,17
West Bengal,3
Haryana,15
Himachal Pradesh,3
Sikkim,10
Tamil Nadu,12
Bihar,14
Bihar,20
Haryana,10
Manipur,9
Uttarakhand,4
Gujarat,13
Assam,13
Maharashtra,18
Bihar,14
Madhya Pradesh,8
Maharashtra,8
West Bengal,18
Haryana,11
Tamil Nadu,3
Meghalaya,6
Odisha,5
Madhya Pradesh,5
Bihar,20
West Bengal,16
Odisha,11
Assam,9
Jharkhand,15
Bihar,12
Uttar Pradesh,4
Assam,7
Tripura,7
Himachal Pradesh,14
Himachal Pradesh,13
Arunachal Pradesh,7
Himachal Pradesh,3
Sikkim,19
Kerala,5
Punjab,13
Jharkhand,18
Tamil Nadu,4
Maharashtra,16
Tamil Nadu,6
Uttar Pradesh,17
Jharkhand,18
Manipur,6
Punjab,11
Tamil Nadu,14
Sikkim,19
Arunachal Pradesh,19
Mizoram,13
Rajasthan,16
Nagaland,13
Haryana,10
Jharkhand,5
Mizoram,14
Andhra Pradesh,5
Rajasthan,18
Uttar Pradesh,15
Maharashtra,5
Assam,5
Himachal Pradesh,6
Himachal Pradesh,13
Mizoram,20
Tamil Nadu,11
Chhattisgarh,15
Assam,11
Haryana,3
Mizoram,15
Arunachal Pradesh,17
Tamil Nadu,18
Himachal Pradesh,9
Bihar,20
Nagaland,10
Rajasthan,20
West Bengal,17
Himachal Pradesh,17
Meghalaya,5
Rajasthan,10
Haryana,8
Uttar Pradesh,20
Madhya Pradesh,14
Andhra Pradesh,10
Punjab,6
Bihar,10
Karnataka,6
Gujarat,13
Tripura,3
Uttarakhand,16
West Bengal,13
Maharashtra,4
Odisha,14
Jharkhand,9
Himachal Pradesh,20
West Bengal,9
Andhra Pradesh,12
Andhra Pradesh,3
Jammu and Kashmir,18
Andhra Pradesh,11
Punjab,8
Uttar Pradesh,14
Jharkhand,3
Meghalaya,19
Madhya Pradesh,10
Gujarat,18
Assam,17
Chhattisgarh,5
Kerala,13
Tripura,16
Sikkim,4
Manipur,9
Nagaland,11
Gujarat,11
Meghalaya,8
Andhra Pradesh,17
Andhra Pradesh,7
Sikkim,19
Mizoram,9
Himachal Pradesh,17
Jammu and Kashmir,6
Meghalaya,9
Madhya Pradesh,3
Karnataka,20
Nagaland,9
Uttar Pradesh,16
Kerala,7
Uttar Pradesh,20
Tripura,12
Tamil Nadu,6
Madhya Pradesh,8
Uttarakhand,18
Bihar,19
Andhra Pradesh,14
West Bengal,6
Punjab,17
Madhya Pradesh,18
Haryana,7
Uttarakhand,4
Jharkhand,19
Haryana,14
Rajasthan,6
Himachal Pradesh,16
Tripura,11
Bihar,20
Kerala,10
West Bengal,12
Goa,18
Goa,15
Chhattisgarh,13
Sikkim,7
Haryana,17
Rajasthan,3
Haryana,19
Meghalaya,6
Haryana,12
Jharkhand,18
Sikkim,17
Andhra Pradesh,15
Jharkhand,4
Himachal Pradesh,5
Odisha,8
Chhattisgarh,13
Andhra Pradesh,5
Nagaland,19
Himachal Pradesh,17
Gujarat,3
Andhra Pradesh,6
West Bengal,10
Meghalaya,3
Rajasthan,18
Manipur,12
Chhattisgarh,6
Bihar,8
Assam,6
Goa,20
Goa,11
Madhya Pradesh,12
Jammu and Kashmir,9
Madhya Pradesh,8
Mizoram,4
Tamil Nadu,17
Assam,10
Jharkhand,12
Jammu and Kashmir,11
Punjab,18
Kerala,13
Manipur,14
Haryana,12
Odisha,8
Assam,6
Punjab,19
Haryana,5
Arunachal Pradesh,20
Punjab,5
Sikkim,20
Uttar Pradesh,3
Arunachal Pradesh,9
West Bengal,20
Jharkhand,12
Goa,14
Assam,10
Jharkhand,10
Arunachal Pradesh,11
Karnataka,10
Uttar Pradesh,4
Andhra Pradesh,17
Jharkhand,3
Odisha,16
Odisha,4
Nagaland,12
Bihar,11
Haryana,20
Uttarakhand,4
Punjab,10
Odisha,8
Haryana,13
Karnataka,7
Assam,18
Himachal Pradesh,5
Goa,7
Jammu and Kashmir,8
Assam,18
Punjab,18
Himachal Pradesh,18
Gujarat,4
Jammu and Kashmir,11
Maharashtra,18
Uttarakhand,4
Assam,12
Meghalaya,5
Assam,7
West Bengal,13
Madhya Pradesh,10
Andhra Pradesh,15
Rajasthan,17
Odisha,4
Sikkim,4
Bihar,12
Assam,18
Manipur,14
Uttar Pradesh,19
Uttarakhand,20
Odisha,3
Jharkhand,18
Tamil Nadu,19
Tamil Nadu,5
Meghalaya,7
Meghalaya,19
Jharkhand,11
Jharkhand,15
Maharashtra,10
Rajasthan,7
Karnataka,12
Karnataka,7
Odisha,8
Assam,7
Chhattisgarh,17
Assam,13
Goa,5
Punjab,15
Madhya Pradesh,18
Tripura,3
Gujarat,17
Sikkim,8
Goa,5
Nagaland,12
Chhattisgarh,17
Odisha,5
Rajasthan,15
Assam,14
Mizoram,6
Haryana,8
Odisha,3
Chhattisgarh,13
Karnataka,15
Madhya Pradesh,13
Goa,13
Nagaland,5
Uttarakhand,18
Manipur,16
Punjab,15
Goa,3
Chhattisgarh,20
Manipur,16
Goa,5
Rajasthan,16
Arunachal Pradesh,4
Madhya Pradesh,5
Jammu and Kashmir,7
Uttarakhand,3
Haryana,4
Bihar,4
Arunachal Pradesh,4
Andhra Pradesh,4
Himachal Pradesh,12
Chhattisgarh,9
Haryana,16
Jammu and Kashmir,20
Odisha,15
Tripura,4
Rajasthan,12
Chhattisgarh,13
Andhra Pradesh,15
Sikkim,15
Madhya Pradesh,14
Nagaland,19
Gujarat,3
Tripura,14
Madhya Pradesh,20
Goa,16
Maharashtra,7
Nagaland,18
Jharkhand,11
Chhattisgarh,10
Madhya Pradesh,6
West Bengal,13
Madhya Pradesh,3
Nagaland,13
Haryana,7
Mizoram,9
Manipur,18
Bihar,13
Sikkim,15
Chhattisgarh,11
Rajasthan,4
Sikkim,20
Uttar Pradesh,16
Karnataka,14
Andhra Pradesh,20
Kerala,5
Gujarat,9
Maharashtra,15
Bihar,9
Maharashtra,4
Meghalaya,5
Manipur,17
Bihar,20
Sikkim,17
Haryana,3
Nagaland,16
Gujarat,6
Meghalaya,14
Chhattisgarh,20
Mizoram,18
Goa,4
Arunachal Pradesh,8
Sikkim,18
Meghalaya,5
Karnataka,13
Jharkhand,7
Jharkhand,7
Tripura,10
Jharkhand,11
Nagaland,13
Karnataka,3
Jharkhand,17
Uttarakhand,7
West Bengal,3
Kerala,20
Odisha,16
Meghalaya,12
Jharkhand,3
Chhattisgarh,19
Karnataka,8
Jammu and Kashmir,14
Meghalaya,16
Tripura,15
Mizoram,15
Andhra Pradesh,9
Chhattisgarh,20
Karnataka,10
Chhattisgarh,8
Punjab,16
Himachal Pradesh,13
Odisha,3
Andhra Pradesh,3
Assam,5
Chhattisgarh,5
Tripura,12
Gujarat,18
Kerala,7
Bihar,7
Meghalaya,8
Uttar Pradesh,12
Karnataka,19
Nagaland,20
Uttarakhand,11
Odisha,11
Karnataka,8
Chhattisgarh,20
Jharkhand,3
Odisha,6
Kerala,5
Arunachal Pradesh,4
Meghalaya,10
Chhattisgarh,3
Jharkhand,18
Jammu and Kashmir,5
Karnataka,5
